{
	"custom_css_post_id": -1,
	"header_type": "header_5",
	"top_bar_enable": false,
	"logo_top_margin": "",
	"header_enable_search": false,
	"logo": "https:\/\/splash.stylemixthemes.com\/rugby\/wp-content\/uploads\/sites\/14\/2020\/05\/logo.png",
	"logo_width": "116",
	"logo_color": "#ff0000",
	"preloader": true,
	"site_style": "default",
	"site_style_base_color": "#e21e22",
	"site_boxed": false,
	"frontend_customizer": false,
	"typography_body_font_family": "Montserrat",
	"typography_heading_font_family": "Roboto Condensed",
	"typography_heading_color": "",
	"typography_body_font_size": "14",
	"typography_body_line_height": "20",
	"site_style_secondary_color": "#da9a29",
	"site_bg_color": "#ffffff",
	"enable_footer_bottom": true,
	"footer_style": "footer_style_three",
	"footer_background_image": "",
	"footer_image": "",
	"footer_logo": "",
	"single_player_season_stats": "18",
	"single_player_league_stats": "39",
	"single_player_stats": "1131,1130,1129,1128,1127,1125,1124,1123,1122",
	"player_title": false,
	"smooth_scroll": false,
	"top_bar_bg_color": "#ffffff",
	"top_bar_socials": "facebook,twitter,instagram,youtube",
	"header_position": false,
	"top_bar_enable_switcher": false,
	"socials_link": "facebook=https%3A%2F%2Fwww.facebook.com%2Fstylemixthemes%2F&twitter=https%3A%2F%2Ftwitter.com%2Fstylemix_themes%2F&vk=&instagram=https%3A%2F%2Fwww.instagram.com%2Fstylemixthemes%2F&behance=&dribbble=&flickr=&git=&linkedin=&pinterest=&yahoo=&delicious=&dropbox=&reddit=&soundcloud=&google=&google-plus=&skype=&youtube=https%3A%2F%2Fwww.youtube.com%2Fchannel%2FUCpuJgzrLAbVKCHDo_1lluKA&youtube-play=&tumblr=&whatsapp=",
	"nav_menu_locations": {
		"primary": 88
	},
	"footer_bg_color": "#24293e",
	"footer_text_color": "#ffffff",
	"footer_bottom_bg_color": "#24293e",
	"footer_bottom_text_color": "#919191",
	"footer_left_text": "",
	"footer_right_text": "",
	"enable_footer_bottom_menu": false,
	"footer_center_text": "Copyright (c) 2020 <a href=\"http:\/\/splash.stylemixthemes.com\/\">Splash<\/a> - Sport Wordpress Theme",
	"typography_h1_font_size": "42",
	"google_api_key": "",
	"event_list_template": "sportspress",
	"sp_event_bg": "https:\/\/splash.stylemixthemes.com\/rugby\/wp-content\/uploads\/sites\/14\/2020\/06\/Group3-236.jpg",
	"event_block_template": "sportspress"
}