{
	"header_type":"header_2",
	"top_bar_bg_color_test":"#e0e0e0",
	"top_bar_text_color_test":"#ff0c0c",
	"top_bar_enable_test":false,
	"footer_ca_text":"Travel with the Team to an Away Game",
	"footer_ca_link_text":"Purchase tickets",
	"footer_ca_link":"#",
	"view_type":"grid",
	"top_bar_ticker_title":"Live",
	"top_bar_enable_tickets":true,
	"top_bar_ticket_text":"GET TICKETS  |  NFL INTERNET NETWORK",
	"top_bar_ticket_text_first":"<a href=\"#\">GET TICKETS<\/a>",
	"top_bar_ticket_text_second":"NFL INTERNET NETWORK",
	"footer_style":"footer_style_two",
	"0":false,
	"footer_ca_position":"right",
	"footer_text_color":"",
	"footer_bg_color":"",
	"footer_after_btn_text":"Raffle Tickets $10 each or 15 for $100",
	"footer_socials": "facebook,twitter,instagram,google-plus",
	"socials_link": "facebook=https%3A%2F%2Ffacebook.com&twitter=https%3A%2F%2Ftwitter.com&vk=https%3A%2F%2Fvk.com&instagram=https%3A%2F%2Finstagram.com&behance=&dribbble=&flickr=&git=&linkedin=&pinterest=&yahoo=&delicious=&dropbox=&reddit=&soundcloud=&google=&google-plus=https%3A%2F%2Fgoogle.plus.com&skype=&youtube=&youtube-play=&tumblr=&whatsapp=",
	"typography_h2_font_size":"42",
	"typography_h3_font_size":"30",
	"site_bg_color":"#ffffff",
	"sidebar_blog":"primary_sidebar",
	"sidebar_position":"right",
	"shop_sidebar_position":"right",
	"shop_sidebar":"1468",
	"event_list_template":"theme",
	"top_bar_enable_profile":true,
	"footer_left_text": "Copyright \u00a9 2020 <a target=\"_blank\" href=\"https:\/\/splash.stylemixthemes.com\/\">Splash<\/a> - Sport WordPress Theme.",
	"footer_right_text": "",
	"custom_css_post_id":-1,
	"typography_body_font_family":"Roboto",
	"typography_heading_font_family":"Oswald",
	"logo_width":"100",
	"logo_top_margin":"0",
	"site_style":"default",
	"site_style_base_color":"#2c1cdb",
	"site_style_secondary_color":"#177215"
}