[
	{
		"default": [
			"categories-2",
			"stm_recent_posts-2",
			"text-3"
		],
		"footer": [
			"text-2",
			"recent-posts-3",
			"nav_menu-2",
			"contacts-2"
		],
		"sportspress": [
			"categories-3",
			"stm_recent_posts-3",
			"text-4"
		],
		"shop": [
			"woocommerce_widget_cart-2",
			"woocommerce_products-2",
			"woocommerce_product_categories-2",
			"woocommerce_top_rated_products-2",
			"woocommerce_price_filter-2"
		]
	},
	{
		"categories": {
			"2": {
				"title": "",
				"count": 0,
				"hierarchical": 0,
				"dropdown": 0
			},
			"3": {
				"title": "",
				"count": 0,
				"hierarchical": 0,
				"dropdown": 0
			},
			"_multiwidget": 1
		},
		"stm_recent_posts": {
			"2": {
				"title": "Latest news",
				"output": "3"
			},
			"3": {
				"title": "Latest news",
				"output": "3"
			},
			"_multiwidget": 1
		},
		"text": {
			"3": {
				"title": "Instagram",
				"text": "[instagram feed="3004"]",
				"filter": false
			},
			"2": {
				"title": "About Us",
				"text": "<div class=\"stm-text-lighten\">Lorem ipsum dolor sit amet, consectetur adipiscing elit. Maecenas cursus nisl in lacus pulvinar, vitae varius nisi fermentum. In euismod ante odio, volutpat convallis odio fringilla ac. Praesent vehicula facilisis<\/div>",
				"filter": false
			},
			"4": {
				"title": "Instagram",
				"text": "[instagram feed="3004"]",
				"filter": false
			},
			"_multiwidget": 1
		},
		"recent-posts": {
			"3": {
				"title": "Recent news",
				"number": 2,
				"show_date": true
			},
			"_multiwidget": 1
		},
		"nav_menu": {
			"2": {
				"title": "Links",
				"nav_menu": 23
			},
			"_multiwidget": 1
		},
		"contacts": {
			"2": {
				"title": "Contact",
				"address": "USA, California 20, First Avenue, California",
				"phone": "+7 998 71 150 30 20",
				"fax": "",
				"email": "info@stylemixthemes.com"
			},
			"_multiwidget": 1
		},
		"woocommerce_widget_cart": {
			"2": {
				"title": "Cart",
				"hide_if_empty": 0
			},
			"_multiwidget": 1
		},
		"woocommerce_products": {
			"2": {
				"title": "Products",
				"number": 5,
				"show": "",
				"orderby": "date",
				"order": "desc",
				"hide_free": 0,
				"show_hidden": 0
			},
			"_multiwidget": 1
		},
		"woocommerce_product_categories": {
			"2": {
				"title": "Product Categories",
				"orderby": "name",
				"dropdown": 0,
				"count": 0,
				"hierarchical": 1,
				"show_children_only": 0,
				"hide_empty": 0
			},
			"_multiwidget": 1
		},
		"woocommerce_top_rated_products": {
			"2": {
				"title": "Top Rated Products",
				"number": 5
			},
			"_multiwidget": 1
		},
		"woocommerce_price_filter": {
			"2": {
				"title": "Filter by price"
			},
			"_multiwidget": 1
		}
	}
]