{
  "custom_css_post_id": -1,
  "top_bar_bg_color": "#ffffff",
  "top_bar_text_color": "#000000",
  "logo_width": "153",
  "header_position": false,
  "typography_body_font_family": "Source Sans Pro",
  "typography_body_font_size": "14",
  "typography_body_color": "#595959",
  "typography_heading_font_family": "Fira Sans",
  "typography_h1_font_size": "42",
  "typography_h2_font_size": "30",
  "typography_heading_color": "#000000",
  "typography_h3_font_size": "24",
  "typography_h4_font_size": "20",
  "typography_h5_font_size": "18",
  "typography_h6_font_size": "16",
  "top_bar_enable_socials": false,
  "header_type": "header_magazine_one",
  "top_bar_enable_profile": true,
  "top_bar_phone": "+1 234 567 890",
  "top_bar_email": "info@splash.com",
  "site_boxed": true,
  "site_bg_color": "#ffffff",
  "menu_top_margin": "0",
  "logo_top_margin": "0",
  "footer_bg_color": "#000000",
  "footer_text_color": "#000000",
  "footer_socials": "facebook,twitter,instagram,dribbble",
  "socials_link": "facebook=https%3A%2F%2Ffacebook.com&twitter=https%3A%2F%2Ftwitter.com&vk=&instagram=https%3A%2F%2Finstagram.com&behance=&dribbble=https%3A%2F%2Fdribble.com&flickr=&git=&linkedin=&pinterest=&yahoo=&delicious=&dropbox=&reddit=&soundcloud=&google=&google-plus=&skype=&youtube=&youtube-play=&tumblr=&whatsapp=",
  "bg_image": "3",
  "sidebar": "1611",
  "sidebar_blog": "1611",
  "sidebar_position": "right",
  "news_grid_columns": "2",
  "footer_left_text": "Copyright (c) 2018 Splash."
}