{
  "custom_css_post_id": -1,
  "logo": "https://splash.stylemixthemes.com/magazine-two/wp-content/uploads/sites/7/2018/09/logo-splash-football-club.svg",
  "site_style": "site_style_custom",
  "site_style_base_color": "#00bfe6",
  "site_style_secondary_color": "#d99a29",
  "typography_body_font_family": "Open Sans",
  "typography_body_font_size": "15",
  "typography_body_color": "#bfbfbf",
  "typography_heading_font_family": "Roboto Condensed",
  "typography_heading_color": "#ffffff",
  "header_type": "header_magazine_one",
  "menu_top_margin": "0",
  "logo_top_margin": "0",
  "top_bar_bg_color": "",
  "top_bar_enable_profile": true,
  "typography_h1_font_size": "42",
  "typography_h2_font_size": "30",
  "typography_h3_font_size": "24",
  "typography_h4_font_size": "20",
  "typography_h6_font_size": "16",
  "header_background": "http://splash.stylemixthemes.com/wp-content/uploads/2016/06/placeholder.gif",
  "sidebar": "1611",
  "sidebar_blog": "1611",
  "footer_left_text": "Copyright \u00a9 2020 <a target=\"_blank\" href=\"https:\/\/splash.stylemixthemes.com\/\">Splash<\/a> - Sport WordPress Theme.",
  "footer_right_text": ""
}