{
    "0": false,
    "custom_css_post_id": -1,
    "typography_body_font_family": "Poppins",
    "typography_heading_font_family": "Montserrat",
    "header_type": "header_1",
    "header_enable_search": false,
    "top_bar_enable": false,
    "logo": "",
    "logo_width": "158",
    "header_position": false,
    "logo_top_margin": "",
    "site_style": "default",
    "site_style_base_color": "#ff5527",
    "site_style_secondary_color": "#142978",
    "top_bar_bg_color": "",
    "top_bar_enable_switcher": false,
    "top_bar_text_color": "",
    "top_bar_enable_cart": false,
    "site_bg_color": "#ffffff",
    "preloader": true,
    "footer_style": "footer_style_two",
    "footer_bg_color": "#ffffff",
    "footer_text_color": "#333333",
    "footer_after_btn_text": "",
    "footer_bottom_bg_color": "#ffffff",
    "footer_bottom_text_color": "#333333",
    "footer_left_text": "Copyright \u00a9 2020 <a target=\"_blank\" href=\"https:\/\/splash.stylemixthemes.com\/\">Splash<\/a> - Sport WordPress Theme.",
    "footer_right_text": "",
    "show_socials_after_footer_img": false,
    "footer_socials_text": "",
    "footer_socials": "",
    "enable_footer_bottom_menu": false,
    "socials_after_footer_image_bg_color": "#eaecf2",
    "socials_link": "facebook=https%3A%2F%2Ffacebook.com%2F&twitter=&vk=&instagram=&behance=&dribbble=&flickr=&git=&linkedin=&pinterest=&yahoo=&delicious=&dropbox=&reddit=&soundcloud=&google=&google-plus=&skype=&youtube=&youtube-play=&tumblr=&whatsapp=",
    "single_player_season_stats": "74",
    "single_player_stats": "1525,1524,1523,1522,1521,1520,1519,1518,1517,1516,1515"
}