[{
    "wp_inactive_widgets": ["nav_menu-2", "search-3", "categories-4", "categories-5", "woocommerce_widget_cart-3", "woocommerce_products-3", "woocommerce_product_categories-3", "woocommerce_top_rated_products-3", "woocommerce_price_filter-3"],
    "default": ["search-2", "categories-3", "text-1"],
    "footer": ["text-2", "media_image-1", "text-3", "custom_html-2", "nav_menu-3"],
    "sportspress": ["categories-2"],
    "shop": ["woocommerce_widget_cart-2", "woocommerce_products-2", "woocommerce_product_categories-2", "woocommerce_top_rated_products-2", "woocommerce_price_filter-2"]
}, {
    "search": {
        "2": {
            "title": ""
        },
        "3": {
            "title": ""
        },
        "_multiwidget": 1
    },
    "categories": {
        "3": {
            "title": "",
            "count": 0,
            "hierarchical": 0,
            "dropdown": 0
        },
        "2": {
            "title": "",
            "count": 0,
            "hierarchical": 0,
            "dropdown": 0
        },
        "4": {
            "title": "",
            "count": 0,
            "hierarchical": 0,
            "dropdown": 0
        },
        "5": {
            "title": "",
            "count": 0,
            "hierarchical": 0,
            "dropdown": 0
        },
        "_multiwidget": 1
    },
    "text": {
        "1": {
            "title": "Instagram",
            "text": "[instagram feed="3004"]",
            "filter": false
        },
        "2": {
            "title": "About",
            "text": "Bicycle rights heirloom poutine twee distillery kale chips. Thundercats pok pok seitan waistcoat whatever yr. Squid cornhole iPhone umami thundercats, shabby chic pinterest crucifix kogi irony. Chambray lyft flannel pok pok.",
            "filter": true,
            "visual": false
        },
        "3": {
            "title": "Contact info",
            "text": "Call-center: 1 (323) 938-5798\r\nSales: 1 (888) 637-7262\r\nEmail: info@styleixthemes.com\r\n\r\n1840 E Garvey Avenue Street\r\nWest Covina, CA 91791, U.S.\r\n",
            "filter": true,
            "visual": true
        },
        "_multiwidget": 1
    },
    "media_image": {
        "1": {
            "size": "custom",
            "width": 223,
            "height": 112,
            "caption": "",
            "alt": "",
            "link_type": "custom",
            "link_url": "\/volleyball\/",
            "image_classes": "",
            "link_classes": "",
            "link_rel": "",
            "link_target_blank": false,
            "image_title": "",
            "attachment_id": 1481,
            "url": "http:\/\/splash.local\/volleyball\/wp-content\/uploads\/sites\/2\/2020\/03\/logo@2x-300x150.png",
            "title": ""
        },
        "_multiwidget": 1
    },
    "custom_html": {
        "2": {
            "title": "",
            "content": "<div class=\"stm-footer-socials\">\r\n\t<ul>\r\n\t\t<li><a href=\"\"><i class=\"fa fa-twitter\" aria-hidden=\"true\"><\/i><\/a><\/li>\r\n\t\t<li><a href=\"\"><i class=\"fa fa-facebook\" aria-hidden=\"true\"><\/i><\/a><\/li>\r\n\t\t<li><a href=\"\"><i class=\"fa fa-youtube-play\" aria-hidden=\"true\"><\/i><\/a><\/li>\r\n\t\t<li><a href=\"\"><i class=\"fa fa-instagram\" aria-hidden=\"true\"><\/i><\/a><\/li>\r\n\t<\/ul>\r\n<\/div>"
        },
        "_multiwidget": 1
    },
    "nav_menu": {
        "3": {
            "nav_menu": 22
        },
        "2": {
            "title": "Links",
            "nav_menu": 23
        },
        "_multiwidget": 1
    },
    "woocommerce_widget_cart": {
        "2": {
            "title": "Cart",
            "hide_if_empty": 0
        },
        "3": {
            "title": "Cart",
            "hide_if_empty": 0
        },
        "_multiwidget": 1
    },
    "woocommerce_products": {
        "2": {
            "title": "Products",
            "number": 5,
            "show": "",
            "orderby": "date",
            "order": "desc",
            "hide_free": 0,
            "show_hidden": 0
        },
        "3": {
            "title": "Products",
            "number": 5,
            "show": "",
            "orderby": "date",
            "order": "desc",
            "hide_free": 0,
            "show_hidden": 0
        },
        "_multiwidget": 1
    },
    "woocommerce_product_categories": {
        "2": {
            "title": "Product Categories",
            "orderby": "name",
            "dropdown": 0,
            "count": 0,
            "hierarchical": 1,
            "show_children_only": 0,
            "hide_empty": 0
        },
        "3": {
            "title": "Product Categories",
            "orderby": "name",
            "dropdown": 0,
            "count": 0,
            "hierarchical": 1,
            "show_children_only": 0,
            "hide_empty": 0
        },
        "_multiwidget": 1
    },
    "woocommerce_top_rated_products": {
        "2": {
            "title": "Top Rated Products",
            "number": 5
        },
        "3": {
            "title": "Top Rated Products",
            "number": 5
        },
        "_multiwidget": 1
    },
    "woocommerce_price_filter": {
        "2": {
            "title": "Filter by price"
        },
        "3": {
            "title": "Filter by price"
        },
        "_multiwidget": 1
    }
}]