{
  "custom_css_post_id": -1,
  "0": false,
  "header_type": "header_2",
  "site_style": "site_style_custom",
  "site_style_base_color": "#f53837",
  "header_position": false,
  "header_enable_search": false,
  "top_bar_enable": false,
  "top_bar_enable_switcher": false,
  "top_bar_enable_socials": true,
  "top_bar_enable_ticker": false,
  "top_bar_enable_tickets": false,
  "typography_body_font_family": "Poppins",
  "typography_heading_font_family": "Poppins",
  "logo_width": "150",
  "socials_link": "facebook=%23&twitter=%23&vk=&instagram=%23&behance=&dribbble=&flickr=&git=&linkedin=&pinterest=&yahoo=&delicious=&dropbox=&reddit=&soundcloud=&google=&google-plus=&skype=&youtube=&youtube-play=%23&tumblr=&whatsapp=",
  "top_bar_socials": "facebook,twitter,instagram,youtube-play",
  "enable_footer_bottom": true,
  "footer_style": "footer_style_two",
  "typography_heading_color": "#333333",
  "show_socials_after_footer_img": false,
  "footer_after_btn_text": "",
  "enable_footer_bottom_menu": false,
  "footer_left_text": "Copyright \u00a9 2020 <a target=\"_blank\" href=\"https:\/\/splash.stylemixthemes.com\/\">Splash<\/a> - Sport WordPress Theme.",
  "footer_right_text": "",
  "footer_socials_text": "",
  "footer_bottom_bg_color": "#1a1e26",
  "footer_bottom_text_color": "#ffffff",
  "sidebar_position": "right",
  "sp_event_bg": "",
  "event_block_template": "theme",
  "typography_h1_font_size": "36",
  "typography_h2_font_size": "24",
  "typography_h3_font_size": "24",
  "event_list_template": "theme",
  "typography_body_color": "#333333",
  "typography_body_font_size": "14",
  "typography_body_line_height": "28",
  "single_player_season_stats": "10",
  "single_player_league_stats": "8",
  "sidebar": "primary_sidebar",
  "sidebar_blog": "primary_sidebar",
  "footer_bg_color": "#1a1e26",
  "google_api_key": "",
  "single_player_stats": "1593,1592,1591,1590,1589,1588,1587,1586",
  "player_title": true,
  "preloader": true,
  "site_boxed": false,
  "bg_image": "2",
  "frontend_customizer": false,
  "site_style_secondary_color": "#1f3b79"
}