
{
  "custom_css_post_id": -1,
  "0": false,
  "typography_body_font_family": "Rubik",
  "typography_body_font_size": "14",
  "typography_body_line_height": "20",
  "typography_heading_font_family": "Teko",
  "site_style": "default",
  "site_boxed": false,
  "header_type": "header_2",
  "header_position": false,
  "frontend_customizer": false,
  "footer_style": "footer_style_two",
  "typography_h2_font_size": "45",
  "top_bar_bg_color_test": "#e0e0e0",
  "top_bar_text_color_test": "#ff0c0c",
  "top_bar_enable_test": false,
  "footer_ca_text": "Travel with the Team to an Away Game",
  "footer_ca_link_text": "Purchase tickets",
  "footer_ca_link": "#",
  "view_type": "list",
  "top_bar_ticker_title": "Live",
  "top_bar_enable_tickets": true,
  "top_bar_ticket_text": "GET TICKETS  |  NFL INTERNET NETWORK",
  "top_bar_ticket_text_first": "<a href=\"#\">GET TICKETS<\/a>",
  "top_bar_ticket_text_second": "NFL INTERNET NETWORK",
  "footer_ca_position": "right",
  "footer_text_color": "",
  "footer_bg_color": "",
  "footer_after_btn_text": "Raffle Tickets $10 each or 15 for $100",
  "footer_socials": "facebook,twitter,instagram,google-plus",
  "socials_link": "facebook=https%3A%2F%2Fwww.facebook.com%2Fstylemixthemes%2F&twitter=https%3A%2F%2Ftwitter.com%2Fstylemix_themes%2F&vk=https%3A%2F%2Fvk.com%2Fstylemixthemes%2F&instagram=https%3A%2F%2Fwww.instagram.com%2Fstylemixthemes%2F&behance=&dribbble=&flickr=&git=&linkedin=&pinterest=&yahoo=&delicious=&dropbox=&reddit=&soundcloud=&google=&google-plus=https%3A%2F%2Fgoogle.plus.com&skype=&youtube=&youtube-play=https%3A%2F%2Fwww.youtube.com%2Fchannel%2FUCpuJgzrLAbVKCHDo_1lluKA%2F&tumblr=&whatsapp=",
  "typography_h3_font_size": "30",
  "site_bg_color": "#ffffff",
  "sidebar_blog": "primary_sidebar",
  "sidebar_position": "right",
  "shop_sidebar_position": "right",
  "shop_sidebar": "1468",
  "event_list_template": "theme",
  "bg_img": "3",
  "top_bar_enable_profile": true,
  "footer_left_text": "Copyright \u00a9 2020 <a target=\"_blank\" href=\"https:\/\/splash.stylemixthemes.com\/\">Splash<\/a> - Sport WordPress Theme.",
  "footer_right_text": "",
  "custom_css": "",
  "top_bar_enable_switcher": false,
  "typography_heading_color": "#552085",
  "top_bar_socials": "facebook,twitter,instagram,youtube-play",
  "top_bar_bg_color": "#552085",
  "typography_h1_font_size": "60",
  "custom_bg_pattern": ""
}