[
  {
    "wp_inactive_widgets": [
      "nav_menu-10",
      "sportspress-event-blocks-5",
      "sportspress-event-blocks-12",
      "woocommerce_widget_cart-4",
      "woocommerce_price_filter-8",
      "woocommerce_product_categories-8",
      "mc4wp_form_widget-10",
      "contacts-11",
      "meta-2",
      "categories-2",
      "recent-comments-2",
      "tag_cloud-2",
      "nav_menu-2",
      "sportspress-event-blocks-2",
      "sportspress-league-table-2",
      "woocommerce_price_filter-2",
      "woocommerce_product_categories-2",
      "woocommerce_top_rated_products-2",
      "stm_recent_posts-2",
      "search-4"
    ],
    "default": [
      "search-5",
      "categories-2",
      "archives-2",
      "tag_cloud-2",
      "stm_recent_posts-2",
      "text-3"
    ],
    "footer": [
      "contacts-3",
      "nav_menu-2",
      "mc4wp_form_widget-2"
    ],
    "sportspress": [
      "sportspress-event-blocks-2",
      "sportspress-event-blocks-4",
      "sportspress-event-calendar-3",
      "sportspress-league-table-2"
    ],
    "shop": [
      "search-2",
      "woocommerce_product_categories-2",
      "woocommerce_price_filter-2",
      "woocommerce_top_rated_products-2"
    ]
  },
  {
    "search": {
      "5": {
        "title": ""
      },
      "2": null,
      "4": {
        "title": ""
      },
      "_multiwidget": 1
    },
    "categories": {
      "2": {
        "title": "Categories",
        "count": 0,
        "hierarchical": 0,
        "dropdown": 0
      },
      "_multiwidget": 1
    },
    "archives": {
      "2": {
        "title": "",
        "count": 0,
        "dropdown": 0
      },
      "_multiwidget": 1
    },
    "tag_cloud": {
      "2": {
        "title": "Tags",
        "taxonomy": "post_tag"
      },
      "_multiwidget": 1
    },
    "stm_recent_posts": {
      "2": {
        "title": "Latest news",
        "output": "3"
      },
      "_multiwidget": 1
    },
    "text": {
      "3": {
        "title": "Instagram",
        "text": "[instagram feed="3004"]",
        "filter": false
      },
      "_multiwidget": 1
    },
    "contacts": {
      "3": {
        "title": "Contact",
        "address": "20 First Avenue, San Jose, CA 95101, USA",
        "phone": "+1 376-226-3126",
        "fax": "+1 212-376-5575",
        "schedule": "Mon\u2013Sat: 9AM\u20136PM",
        "email": "info@splashteam.com"
      },
      "11": {
        "title": "Contact",
        "address": "20 First Avenue, San Jose, CA 95101, USA",
        "phone": "+1 376-226-3126",
        "fax": "+1 212-376-5575",
        "schedule": "Mon\u2013Sat: 9AM\u20136PM",
        "email": "info@splashteam.com"
      },
      "_multiwidget": 1
    },
    "nav_menu": {
      "2": {
        "title": "Quick Links",
        "nav_menu": 46
      },
      "10": {
        "title": "Quick Links",
        "nav_menu": 46
      },
      "_multiwidget": 1
    },
    "mc4wp_form_widget": {
      "2": {
        "title": "Sign up for email alerts"
      },
      "10": {
        "title": "Sign up for email alerts"
      },
      "_multiwidget": 1
    },
    "sportspress-event-blocks": {
      "2": {
        "title": "Latest Results",
        "id": 0,
        "caption": "",
        "status": "publish",
        "date": "default",
        "date_from": "2016-11-10",
        "date_to": "2016-11-10",
        "day": "",
        "number": 1,
        "order": "default",
        "show_all_events_link": "1",
        "align": "none"
      },
      "4": {
        "title": "Next Match",
        "id": 0,
        "caption": "",
        "status": "future",
        "date": "default",
        "date_from": "2016-12-19",
        "date_to": "2016-12-19",
        "day": "",
        "number": 1,
        "order": "default",
        "show_all_events_link": "1",
        "align": "none"
      },
      "5": {
        "title": "Next Match",
        "id": 0,
        "caption": "",
        "status": "future",
        "date": "default",
        "date_from": "2016-12-19",
        "date_to": "2016-12-19",
        "day": "",
        "number": 1,
        "order": "default",
        "show_all_events_link": "1",
        "align": "none"
      },
      "12": {
        "title": "Latest Results",
        "id": 0,
        "caption": "",
        "status": "publish",
        "date": "default",
        "date_from": "2016-11-10",
        "date_to": "2016-11-10",
        "day": "",
        "number": 1,
        "order": "default",
        "show_all_events_link": "1",
        "align": "none"
      },
      "_multiwidget": 1
    },
    "sportspress-event-calendar": {
      "3": {
        "title": "Event calendar",
        "id": 0,
        "status": "default",
        "date": "default",
        "date_from": "2016-11-10",
        "date_to": "2016-11-10",
        "day": "",
        "show_all_events_link": null,
        "align": "none"
      },
      "_multiwidget": 1
    },
    "sportspress-league-table": {
      "2": {
        "title": "Leadgue table",
        "id": -1,
        "caption": "League table head",
        "number": 5,
        "columns": [
          "w",
          "l",
          "t",
          "pf",
          "pct",
          "pa",
          "netpts",
          "td",
          "streak"
        ],
        "show_team_logo": null,
        "show_full_table_link": "1",
        "align": "none"
      },
      "_multiwidget": 1
    },
    "woocommerce_product_categories": {
      "2": {
        "title": "Product Categories",
        "orderby": "name",
        "dropdown": 0,
        "count": 0,
        "hierarchical": 1,
        "show_children_only": 0,
        "hide_empty": 0
      },
      "8": {
        "title": "Product Categories",
        "orderby": "name",
        "dropdown": 0,
        "count": 0,
        "hierarchical": 1,
        "show_children_only": 0,
        "hide_empty": 0
      },
      "_multiwidget": 1
    },
    "woocommerce_price_filter": {
      "2": {
        "title": "Filter by price"
      },
      "8": {
        "title": "Filter by price"
      },
      "_multiwidget": 1
    },
    "woocommerce_top_rated_products": {
      "2": {
        "title": "Top Rated Products",
        "number": 5
      },
      "_multiwidget": 1
    },
    "woocommerce_widget_cart": {
      "4": {
        "title": "Cart",
        "hide_if_empty": 0
      },
      "_multiwidget": 1
    },
    "meta": {
      "2": {
        "title": ""
      },
      "_multiwidget": 1
    },
    "recent-comments": {
      "2": {
        "title": "",
        "number": 5
      },
      "_multiwidget": 1
    }
  }
]