{
	"0": false,
	"custom_css_post_id": -1,
	"header_type": "header_3",
	"top_bar_enable": false,
	"logo_top_margin": "1",
	"logo_width": "70",
	"typography_body_font_size": "14",
	"typography_body_color": "",
	"typography_heading_font_family": "Oswald",
	"typography_body_font_family": "Rubik",
	"sidebar": "no_sidebar",
	"top_bar_text_color": "#ffffff",
	"top_bar_bg_color": "#333333",
	"top_bar_enable_ticker": false,
	"top_bar_enable_socials": false,
	"top_bar_enable_tickets": false,
	"top_bar_enable_profile": true,
	"top_bar_enable_search": true,
	"typography_h1_font_size": "60",
	"typography_h2_font_size": "48",
	"typography_h3_font_size": "30",
	"typography_h4_font_size": "24",
	"typography_h5_font_size": "18",
	"google_api_key": "AIzaSyBtSGoK38b9bdoWdBlz4uYIoEXsmL3Vk7s",
	"sidebar_position": "right",
	"donation_sidebar_position": "right",
	"view_type": "grid",
	"shop_sidebar_position": "right",
	"shop slider": "show",
	"select_shop_slider": "shop",
	"shop_slider": "show",
	"shop_archive_pp": "3",
	"shop_sidebar": "583",
	"single_product_sidebar": "hide",
	"footer_left_text": "Copyright \u00a9 2020 <a target=\"_blank\" href=\"https:\/\/splash.stylemixthemes.com\/\">Splash<\/a> - Sport WordPress Theme.",
	"footer_right_text": "",
	"enable_footer_bottom_menu": true,
	"footer_style": "footer_style_one",
	"site_style": "default",
	"site_style_base_color": "#ff9500",
	"site_style_secondary_color": "#ad01af",
	"frontend_customizer": false,
	"footer_bg_color": "#0f151a",
	"footer_bottom_bg_color": "#ffffff",
	"footer_bottom_text_color": "#151618",
	"footer_image": "",
	"footer_text_color": "",
	"site_boxed": false,
	"custom_bg_image": "http://splash.loc/soccer/wp-content/uploads/sites/8/2017/11/event_header_bg_2.jpg",
	"footer_background_image": "http://splash.loc/wp-content/uploads/2018/09/footer_02.jpg",
	"typography_h6_font_size": "16"
}