{
    "custom_css_post_id": -1,
    "logo_width": "170",
    "preloader": true,
    "custom_bg_pattern": "https:\/\/splash.stylemixthemes.com\/esport\/wp-content\/uploads\/sites\/12\/2019\/10\/site_bg.jpg",
    "typography_body_font_family": "Montserrat",
    "typography_heading_font_family": "Montserrat",
    "typography_body_color": "#ffffff",
    "typography_heading_color": "#ffffff",
    "header_enable_search": false,
    "top_bar_enable": false,
    "single_player_season_stats": "27",
    "single_player_league_stats": "53",
    "single_player_stats": "2547,2209,2208,2207",
    "pages_show_breadcrumbs": false,
    "sidebar": "primary_sidebar",
    "donation_sidebar": "no_sidebar",
    "socials_link": "facebook=https%3A%2F%2Fwww.facebook.com%2Fstylemixthemes%2F&twitter=https%3A%2F%2Ftwitter.com%2Fstylemix_themes&vk=&instagram=https%3A%2F%2Fwww.instagram.com%2Fstylemixthemes%2F&behance=&dribbble=&flickr=&git=&linkedin=https%3A%2F%2Fwww.linkedin.com%2Fcompany%2Fstylemixthemes&pinterest=&yahoo=&delicious=&dropbox=&reddit=&soundcloud=&google=&google-plus=&skype=&youtube=&youtube-play=&tumblr=&whatsapp=",
    "footer_background_image": "https:\/\/splash.stylemixthemes.com\/esport\/wp-content\/uploads\/sites\/12\/2019\/10\/footer_02.jpg",
    "footer_socials": "facebook,twitter,instagram,linkedin",
    "google_api_key": "",
    "site_style": "site_style_custom",
    "site_style_base_color": "#00a8ff",
    "site_style_secondary_color": "#ffb400",
    "footer_left_text": "Copyright \u00a9 2020 <a target=\"_blank\" href=\"https:\/\/splash.stylemixthemes.com\/\">Splash<\/a> - Sport WordPress Theme.",
    "footer_right_text": ""
}