[
    {
        "wp_inactive_widgets": [
            "archives-2"
        ],
        "default": [
            "search-4",
            "categories-4",
            "archives-2",
            "stm_recent_posts-2",
            "tag_cloud-2",
            "text-7"
        ],
        "footer": [
            "text-9",
            "text-10",
            "nav_menu-5",
            "nav_menu-6"
        ],
        "sportspress": [
            "sportspress-event-blocks-3",
            "archives-3",
            "stm_recent_posts-5"
        ],
        "shop": [
            "woocommerce_products-3",
            "woocommerce_price_filter-3",
            "woocommerce_top_rated_products-3"
        ]
    },
    {
        "search": {
            "4": {
                "title": ""
            },
            "_multiwidget": 1
        },
        "categories": {
            "4": {
                "title": "Categories",
                "count": 1,
                "hierarchical": 0,
                "dropdown": 0
            },
            "_multiwidget": 1
        },
        "archives": {
            "2": {
                "title": "Archives",
                "count": 0,
                "dropdown": 1
            },
            "3": {
                "title": "Archives",
                "count": 0,
                "dropdown": 1
            },
            "_multiwidget": 1
        },
        "stm_recent_posts": {
            "2": {
                "title": "Popular news",
                "output": "4"
            },
            "5": {
                "title": "Latest news",
                "output": "4"
            },
            "_multiwidget": 1
        },
        "tag_cloud": {
            "2": {
                "title": "Tags",
                "count": 0,
                "taxonomy": "post_tag"
            },
            "_multiwidget": 1
        },
        "text": {
            "7": {
                "title": "Instagram",
                "text": "[instagram feed="3004"]",
                "filter": true,
                "visual": true
            },
            "9": {
                "title": "ABOUT",
                "text": "<p style=\"color: #777777;\">Bicycle rights heirloom poutine twee distillery kale chips. Thundercats pok pok seitan waistcoat whatever yr. Squid cornhole iPhone umami thundercats, shabby chic pinterest crucifix kogi irony. Chambray lyft flannel pok pok.<\/p>",
                "filter": true,
                "visual": true
            },
            "10": {
                "title": "CONTACT INFO",
                "text": "<p style=\"color: #777777; text-align: left;\">Call-center: <span style=\"color: #fff;\"> 1 (323) 938-5798<\/span>\r\nSales: <span style=\"color: #fff;\"> 1 (888) 637-7262<\/span>\r\nEmail: <span style=\"color: #fff;\"> info@styleixthemes.com<\/span><\/p>\r\n<p style=\"color: #777777; text-align: left;\">1840 E Garvey Avenue Street\r\nWest Covina, CA 91791, U.S.<\/p>",
                "filter": true,
                "visual": true
            },
            "_multiwidget": 1
        },
        "nav_menu": {
            "5": {
                "title": "QUICK LINKS",
                "nav_menu": 67
            },
            "6": {
                "title": "INFORMATION",
                "nav_menu": 68
            },
            "_multiwidget": 1
        },
        "sportspress-event-blocks": {
            "3": {
                "title": "Latest Result",
                "id": 2304,
                "caption": "",
                "status": "publish",
                "date": "0",
                "date_from": "2019-10-28",
                "date_to": "2019-10-28",
                "date_past": "7",
                "date_future": "7",
                "date_relative": null,
                "day": "",
                "number": 1,
                "order": "default",
                "show_all_events_link": "1",
                "align": "none"
            },
            "_multiwidget": 1
        },
        "woocommerce_products": {
            "3": {
                "title": "Products",
                "number": 3,
                "show": "",
                "orderby": "date",
                "order": "desc",
                "hide_free": 0,
                "show_hidden": 0
            },
            "_multiwidget": 1
        },
        "woocommerce_price_filter": {
            "3": {
                "title": "Filter by price"
            },
            "_multiwidget": 1
        },
        "woocommerce_top_rated_products": {
            "3": {
                "title": "Top Rated Products",
                "number": 3
            },
            "_multiwidget": 1
        }
    }
]