{
	"custom_css_post_id": -1,
	"0": false,
	"header_type": "header_3",
	"top_bar_text_color": "#2d2d2d",
	"top_bar_bg_color": "#ffffff",
	"top_bar_enable_ticker": false,
	"top_bar_enable_socials": false,
	"top_bar_enable_tickets": false,
	"top_bar_enable_profile": true,
	"top_bar_enable_search": true,
	"typography_heading_font_family": "Oswald",
	"typography_h1_font_size": "60",
	"typography_h2_font_size": "30",
	"typography_h3_font_size": "20",
	"typography_h4_font_size": "17",
	"typography_h5_font_size": "15",
	"logo_width": "179",
	"logo_top_margin": "17",
	"sidebar_position": "right",
	"donation_sidebar_position": "right",
	"view_type": "list",
	"sidebar": "primary_sidebar",
	"shop_sidebar_position": "right",
	"shop slider": "show",
	"select_shop_slider": "shop",
	"shop_slider": "show",
	"shop_archive_pp": "3",
	"shop_sidebar": "583",
	"single_product_sidebar": "hide",
	"footer_left_text": "Copyright \u00a9 2020 <a target=\"_blank\" href=\"https:\/\/splash.stylemixthemes.com\/\">Splash<\/a> - Sport WordPress Theme.",
	"footer_right_text": "",
	"enable_footer_bottom_menu": true,
	"footer_style": "footer_style_one",
	"top_bar_enable": false
}