{
  "custom_css_post_id": -1,
  "0": false,
  "top_bar_bg_color": "#ffffff",
  "top_bar_text_color": "#000000",
  "logo_width": "136",
  "header_position": false,
  "typography_body_font_family": "Open Sans",
  "typography_body_font_size": "16",
  "typography_body_color": "#595959",
  "typography_heading_font_family": "Poppins",
  "typography_h1_font_size": "54",
  "typography_h2_font_size": "30",
  "typography_heading_color": "#37003c",
  "typography_h3_font_size": "24",
  "typography_h4_font_size": "20",
  "typography_h5_font_size": "18",
  "typography_h6_font_size": "16",
  "top_bar_enable_socials": false,
  "header_type": "header_magazine_one",
  "top_bar_enable_profile": true,
  "top_bar_phone": "+1 234 567 890",
  "top_bar_email": "info@splash.com",
  "site_boxed": false,
  "site_bg_color": "#ffffff",
  "menu_top_margin": "0",
  "logo_top_margin": "0",
  "footer_bg_color": "",
  "footer_text_color": "#ffffff",
  "footer_socials": "facebook,twitter,instagram,dribbble",
  "socials_link": "facebook=https%3A%2F%2Fwww.facebook.com%2Fstylemixthemes%2F&twitter=https%3A%2F%2Ftwitter.com%2Fstylemix_themes%2F+&vk=&instagram=https%3A%2F%2Fwww.instagram.com%2Fstylemixthemes%2F&behance=&dribbble=https%3A%2F%2Fdribble.com&flickr=&git=&linkedin=&pinterest=&yahoo=&delicious=&dropbox=&reddit=&soundcloud=&google=&google-plus=&skype=&youtube=&youtube-play=&tumblr=&whatsapp=",
  "bg_image": "3",
  "sidebar": "1611",
  "sidebar_blog": "no_sidebar",
  "sidebar_position": "right",
  "news_grid_columns": "2",
  "footer_left_text": "Copyright \u00a9 2020 <a target=\"_blank\" href=\"https:\/\/splash.stylemixthemes.com\/\">Splash<\/a> - Sport WordPress Theme.",
  "footer_right_text": "",
  "top_bar_enable_switcher": true,
  "top_bar_enable": true,
  "footer_image": "",
  "footer_style": "footer_style_one",
  "site_style": "default",
  "site_style_base_color": "#ebff00",
  "site_style_secondary_color": "#e700fc",
  "custom_css": "@media (max-width: 900px){\n.soccer_news.stm-header-mobile li.menu-item-has-children > a::before {\ndisplay: none !important;\n}\n.soccer_news.stm-header-mobile li.menu-item-has-children.current-menu-item > a {\n background-color: #00bfe6 !important;\n}\n}\n\n@media (max-width: 900px){\n.soccer_news.stm-header-mobile li > a::before {\ndisplay: none !important;\n}\n.soccer_news.stm-header-mobile li.current-menu-item > a {\nbackground-color: #00bfe6 !important;\n}\n}",
  "frontend_customizer": true,
  "smooth_scroll": false,
  "typography_body_line_height": "26"
}