{
  "0": false,
  "custom_css_post_id": -1,
  "typography_body_font_family": "Open Sans",
  "typography_heading_font_family": "Fira Sans Condensed",
  "header_type": "header_4",
  "logo_width": "147",
  "typography_h1_font_size": "60",
  "typography_h2_font_size": "48",
  "typography_h3_font_size": "36",
  "typography_h4_font_size": "30",
  "typography_h5_font_size": "24",
  "typography_h6_font_size": "18",
  "socials_link": "facebook=https%3A%2F%2Ffacebook.com&twitter=https%3A%2F%2Ftwitter.com&vk=&instagram=https%3A%2F%2Finstagram.com&behance=&dribbble=&flickr=&git=&linkedin=&pinterest=https%3A%2F%2Fpinterest.com&yahoo=&delicious=&dropbox=&reddit=&soundcloud=https%3A%2F%2Fsoundcloud.com%2F&google=&google-plus=https%3A%2F%2Fplus.google.com&skype=&youtube=&youtube-play=https%3A%2F%2Fyoutube.com&tumblr=https%3A%2F%2Ftumblr.com&whatsapp=",
  "footer_socials": "facebook,twitter,instagram,pinterest,soundcloud,google-plus,youtube-play,tumblr",
  "enable_footer_bottom_menu": false,
  "footer_style": "footer_style_one",
  "show_socials_after_footer_img": true,
  "footer_bottom_bg_color": "",
  "footer_bottom_text_color": "",
  "socials_after_footer_image_bg_color": "#262626",
  "socials_after_footer_image_icon_color": "#bfbfbf",
  "enable_footer_bottom": false,
  "logo_top_margin": "0",
  "site_bg_color": "#ffffff",
  "typography_body_line_height": "27",
  "donation_sidebar_position": "right",
  "donation_sidebar": "550",
  "sidebar_blog": "primary_sidebar",
  "sidebar": "primary_sidebar",
  "view_type": "list",
  "sidebar_position": "right",
  "shop_sidebar": "837",
  "shop_sidebar_position": "right",
  "header_position": true,
  "top_bar_enable_profile": true,
  "site_style": "default",
  "site_style_base_color": "#81b441",
  "site_style_secondary_color": "#d19e3b",
  "typography_body_color": "#404040",
  "footer_left_text": "Copyright \u00a9 2020 <a target=\"_blank\" href=\"https:\/\/splash.stylemixthemes.com\/\">Splash<\/a> - Sport WordPress Theme.",
  "footer_right_text": "",
  "news_grid_columns": "2"
}